"Algorithm","Hash","Path"
"SHA256","A36F467BD4880AA4D8C46C0F6AF263E31E4A4B87D6EA80139A01DCDD7D8EB22B","F:\GuardianFW_Backups\GuardianFW_20251230_164249\Config\integrity-allowlist.txt"
"SHA256","9282B123E83564B324140967D3F3FE6AFBDD91F696825B29EA5417395773599C","F:\GuardianFW_Backups\GuardianFW_20251230_164249\GuardianFW\config.json"
"SHA256","0AA1709517220C39CC690E8C786FD484FC2945CD7E455192D054F50BDCD3F6CA","F:\GuardianFW_Backups\GuardianFW_20251230_164249\GuardianFW\dns-policy.json"
"SHA256","61CF96AB6E8E8F5C5CF1DB58828A602C7C5CC0E0253285F8EBD28E04C6CD6B6E","F:\GuardianFW_Backups\GuardianFW_20251230_164249\GuardianFW\baseline\baseline.sha256"
"SHA256","2E9F27AF1EDCD42EA2E1392E6B057B344D302752204D0938B7043B589F6DE7DD","F:\GuardianFW_Backups\GuardianFW_20251230_164249\GuardianFW\cache\dns-ip-index.ndjson"
"SHA256","A36F467BD4880AA4D8C46C0F6AF263E31E4A4B87D6EA80139A01DCDD7D8EB22B","F:\GuardianFW_Backups\GuardianFW_20251230_164249\GuardianFW\config\integrity-allowlist.txt"
"SHA256","567EDF6A8D2A2B6A5A33EBD83CD8FD83B2A4F4BDA43B43C844F43F1C4443ACA9","F:\GuardianFW_Backups\GuardianFW_20251230_164249\GuardianFW\engine\apply-dns-policy-phase3.ps1"
"SHA256","1EEAAE0E5F867FC9179D3AB87674DA17C6F9D50A272AF091BAACFEC957E961A5","F:\GuardianFW_Backups\GuardianFW_20251230_164249\GuardianFW\engine\apply-dns-policy-phase3.ps1.bak_fix_addmember_20251228_134401"
"SHA256","B503CB165B8E8F9E31D2086995679BB07A631885A4FBFAA66AA6E5E080A09177","F:\GuardianFW_Backups\GuardianFW_20251230_164249\GuardianFW\engine\audit-dedupe.ps1"
"SHA256","B8AA75A4F6DB9146B84991384DE8E40CDA9387FA2E37C08D13A72D10ABC1F92F","F:\GuardianFW_Backups\GuardianFW_20251230_164249\GuardianFW\engine\audit-dedupe.ps1.bak_key_tcp443_20251229_223047"
"SHA256","44FA97CA9C020624DD2F61CF6AE54C12749AC35E4520F3C1C943ABD84B8E4E4A","F:\GuardianFW_Backups\GuardianFW_20251230_164249\GuardianFW\engine\autoheal-firewall.ps1"
"SHA256","A45D62E7214C3B744C6BC1EECD076B12B71D6DBB27EC341E19CAF6AEF6E70AD4","F:\GuardianFW_Backups\GuardianFW_20251230_164249\GuardianFW\engine\autoheal-integrity.ps1"
"SHA256","68D740DC7671EB6F8BD6921CCF4015F332A8B2E2DC2893E7BA4B56D5EFD67FAF","F:\GuardianFW_Backups\GuardianFW_20251230_164249\GuardianFW\engine\autoheal-registry.ps1"
"SHA256","08539DDAC529800F61280BB7BD608C7DCD5A6F51261FC5D744FEF40C7FB31A90","F:\GuardianFW_Backups\GuardianFW_20251230_164249\GuardianFW\engine\baseline-rebuild.ps1"
"SHA256","662560F3589EBEB8775E551899E3F6FD4281C16BD15FC72EC0F1FAE7AFD9CA22","F:\GuardianFW_Backups\GuardianFW_20251230_164249\GuardianFW\engine\baseline-rebuild.ps1.bak_repair_20251227_171729"
"SHA256","FCAD412992E49401FEE9603661EC812F40B65CF7E058A1AE876B89E0F7D3F6AD","F:\GuardianFW_Backups\GuardianFW_20251230_164249\GuardianFW\engine\build-doh-ips.ps1"
"SHA256","AC949C8E9C030B26482FBEAA81B04EAC2EBB45B1F90F2AC0AD00D1766F7A83B0","F:\GuardianFW_Backups\GuardianFW_20251230_164249\GuardianFW\engine\build-doh-ips.ps1.bak_cleanrewrite_20251229_182003"
"SHA256","69320C991203F3BB15581443433A01711ADC965F5A88CEE852C04B33E1C37898","F:\GuardianFW_Backups\GuardianFW_20251230_164249\GuardianFW\engine\build-doh-ips.ps1.bak_fix_hostparam_20251229_155557"
"SHA256","26C6B5DB5AADE51E25F5105093B36FEB1180FC1ED00FCDEB5C21AF969AC3C041","F:\GuardianFW_Backups\GuardianFW_20251230_164249\GuardianFW\engine\build-doh-ips.ps1.bak_force_providers_20251229_181457"
"SHA256","62631C3A035D0F790037BC42138CFD64D0F3EF16A60BDB187FA56CC7A1E5BA2B","F:\GuardianFW_Backups\GuardianFW_20251230_164249\GuardianFW\engine\build-doh-ips.ps1.bak_more_hosts_20251229_155711"
"SHA256","62631C3A035D0F790037BC42138CFD64D0F3EF16A60BDB187FA56CC7A1E5BA2B","F:\GuardianFW_Backups\GuardianFW_20251230_164249\GuardianFW\engine\build-doh-ips.ps1.bak_more_hosts_FIXED_20251229_155854"
"SHA256","4D456D35955536CC310432C85524D1730A190C78FF4F12E5A8AD03A6DE4251AE","F:\GuardianFW_Backups\GuardianFW_20251230_164249\GuardianFW\engine\build-doh-ips.ps1.bak_more_hosts_FIXED_20251229_175110"
"SHA256","EBD1A5E10A9725DA729EDD97039532C37577072DF2EB057FED2C2336AFE81A20","F:\GuardianFW_Backups\GuardianFW_20251230_164249\GuardianFW\engine\build-doh-ips.ps1.bak_multi_resolvers_20251229_180832"
"SHA256","2E837B8B2F88A0A25EC76F250939F972A6FCF169CC6E93DB2A1C75A610BE7F64","F:\GuardianFW_Backups\GuardianFW_20251230_164249\GuardianFW\engine\build-doh-ips.ps1.bak_upgrade_20251229_154825"
"SHA256","2A3287E483F527F84DE9870A3FB79766B14397EB3F32EDCBFE544CDB2E436BFF","F:\GuardianFW_Backups\GuardianFW_20251230_164249\GuardianFW\engine\Check-DnsDrift.ps1"
"SHA256","0AAF4081B161421F3D2C517B59AA78A14B0D66007D50DD066F55FCDA6111B791","F:\GuardianFW_Backups\GuardianFW_20251230_164249\GuardianFW\engine\Check-DnsDrift.ps1.bak_func_20251227_172513"
"SHA256","99A86A9D40706FB3719FA1DF29E8184E584636B0319F59FD25411DBE37CA2A5B","F:\GuardianFW_Backups\GuardianFW_20251230_164249\GuardianFW\engine\Check-DnsDrift.ps1.bak_trimtrailing_20251227_182807"
"SHA256","F8316E262B567B86163FCECCF0A0BD17DC4C5BDE08782E07720B7232F223876D","F:\GuardianFW_Backups\GuardianFW_20251230_164249\GuardianFW\engine\correlate-decisions.ps1"
"SHA256","283233EAC42B7FA85265E22D6BB3EE9660CFDF95FC577A05176164B31BC39B5B","F:\GuardianFW_Backups\GuardianFW_20251230_164249\GuardianFW\engine\Correlate-DnsToTcp.ps1"
"SHA256","C976C4E69B70B79C12F75937B26C61ECF973CDCAFE4B6DB7C1B97E92D84CBB79","F:\GuardianFW_Backups\GuardianFW_20251230_164249\GuardianFW\engine\Correlate-DnsToTcp.ps1.bak_srcfix_20251230_124556"
"SHA256","522F28B858F7782AA3B2F51AA5B54A272BB09801F83ABDDA94828745707A042A","F:\GuardianFW_Backups\GuardianFW_20251230_164249\GuardianFW\engine\Detect-DoH.ps1"
"SHA256","FBC31BB8D6C6298DFEAB718588FFC33383082E5CD8E7E596EAD25661A93710A4","F:\GuardianFW_Backups\GuardianFW_20251230_164249\GuardianFW\engine\Detect-DoH.ps1.bak_20251228_145732"
"SHA256","1F0F80B9F54BE66F47CAEB123301C58F9117938AB9962000E38EF1C90E523ED2","F:\GuardianFW_Backups\GuardianFW_20251230_164249\GuardianFW\engine\Detect-DoH.ps1.bak_add_context_20251228_223304"
"SHA256","27A2311B5CAD0F7D8D17DE2CBFBE5742FB30B015DBCA3FB743E7986821AEACDF","F:\GuardianFW_Backups\GuardianFW_20251230_164249\GuardianFW\engine\Detect-DoH.ps1.bak_add_stop_pidwatcher_20251229_023800"
"SHA256","1F0F80B9F54BE66F47CAEB123301C58F9117938AB9962000E38EF1C90E523ED2","F:\GuardianFW_Backups\GuardianFW_20251230_164249\GuardianFW\engine\Detect-DoH.ps1.bak_blktext_window_20251228_224037"
"SHA256","D20151C13F8A4F1DD5D092FC1454FD4E9A633E57923497F9EC0B035CD7AEFF7B","F:\GuardianFW_Backups\GuardianFW_20251230_164249\GuardianFW\engine\Detect-DoH.ps1.bak_blktext_window_20251228_234703"
"SHA256","1A848C32946755335035440207EFF7F2B0D4F0E74150AD96D454BE8FC384E082","F:\GuardianFW_Backups\GuardianFW_20251230_164249\GuardianFW\engine\Detect-DoH.ps1.bak_blockparser_20251228_162128"
"SHA256","D20151C13F8A4F1DD5D092FC1454FD4E9A633E57923497F9EC0B035CD7AEFF7B","F:\GuardianFW_Backups\GuardianFW_20251230_164249\GuardianFW\engine\Detect-DoH.ps1.bak_ctxwindow_20251228_234041"
"SHA256","5F904E90DBB57B494A29ED2A61880EDEC492F3E5D5C933747DC03DFFB513527F","F:\GuardianFW_Backups\GuardianFW_20251230_164249\GuardianFW\engine\Detect-DoH.ps1.bak_dual_20251228_154226"
"SHA256","81C42B2944C5CC87772CFE4AF863C0BDD141FF945A332239F1CB22A55649E318","F:\GuardianFW_Backups\GuardianFW_20251230_164249\GuardianFW\engine\Detect-DoH.ps1.bak_dual_20251228_154415"
"SHA256","877EDD6054097488D9DD1BC9921B6C1E15C6AF5A9D35268F7778551E0D0B8B6E","F:\GuardianFW_Backups\GuardianFW_20251230_164249\GuardianFW\engine\Detect-DoH.ps1.bak_expand_blktext_20251229_002913"
"SHA256","16C31CA3FE04E44D906F0F76287E774295DDC61ACD799BB1BB0299602B693D98","F:\GuardianFW_Backups\GuardianFW_20251230_164249\GuardianFW\engine\Detect-DoH.ps1.bak_fixproc_20251228_182427"
"SHA256","EF27773B124B30FE1AA5A694B792E47E6799F29ECD0315D88F57B9F885F44486","F:\GuardianFW_Backups\GuardianFW_20251230_164249\GuardianFW\engine\Detect-DoH.ps1.bak_fix_20251228_153452"
"SHA256","E55805989C3D59B1DD1DFE8CFB0D7797EFE55E602457C7416F2690910EB53BD4","F:\GuardianFW_Backups\GuardianFW_20251230_164249\GuardianFW\engine\Detect-DoH.ps1.bak_fix_blk_undefined_20251228_201806"
"SHA256","72C9243F3AEB52F1C651D4BA715ECC58275E1E723A0BA8F37B2150F88DACA9B8","F:\GuardianFW_Backups\GuardianFW_20251230_164249\GuardianFW\engine\Detect-DoH.ps1.bak_fix_correlate_20251229_142849"
"SHA256","EC97EA4A8EB09B5B639184393D2AF1AE8931AB1879C232D7D5A977CC4BED248C","F:\GuardianFW_Backups\GuardianFW_20251230_164249\GuardianFW\engine\Detect-DoH.ps1.bak_fix_h_var_20251228_202401"
"SHA256","6027F99CE5727E5E830F141FA76FC6BD807F8A70DE1B26EAA5F499B02B824436","F:\GuardianFW_Backups\GuardianFW_20251230_164249\GuardianFW\engine\Detect-DoH.ps1.bak_fix_m_line_20251228_224645"
"SHA256","E485FB2DFB8A2021C61933F0420DDA104D25F1F880B5E3690B9E4DF33E709610","F:\GuardianFW_Backups\GuardianFW_20251230_164249\GuardianFW\engine\Detect-DoH.ps1.bak_fix_param_20251228_191706"
"SHA256","2547C7F643F707C255D602B07C0084AD9547FA31FC712CE853ADEBAFD752CA5B","F:\GuardianFW_Backups\GuardianFW_20251230_164249\GuardianFW\engine\Detect-DoH.ps1.bak_fix_pidwatch_20251229_023046"
"SHA256","B2558F1D15CC3C2501DE6B149A6B7A8BBCF699B158E698E15C39A1E2297C40F3","F:\GuardianFW_Backups\GuardianFW_20251230_164249\GuardianFW\engine\Detect-DoH.ps1.bak_fix_pid_block_20251228_232324"
"SHA256","3D8F1BE632586EA348F8FDE721886D53D7A9007BD18AB0BED1F7542AAD4CD0E4","F:\GuardianFW_Backups\GuardianFW_20251230_164249\GuardianFW\engine\Detect-DoH.ps1.bak_fix_pid_param_20251229_113624"
"SHA256","3265B204826D83CDB905B4E1CA8C05C4758EFCCB02DC6D2E2E1543A663CBC10A","F:\GuardianFW_Backups\GuardianFW_20251230_164249\GuardianFW\engine\Detect-DoH.ps1.bak_fix_pid_var_20251228_194223"
"SHA256","455BCF223BB3A1C20E124861F1F461644C81A4B1DBA6EF979A5B1B9B5B0C017F","F:\GuardianFW_Backups\GuardianFW_20251230_164249\GuardianFW\engine\Detect-DoH.ps1.bak_fix_procId_order2_20251228_220614"
"SHA256","8762499CE67846A292AE89E60AC4942170E0E23A01ADCD5CD9F5BEEBE09B9109","F:\GuardianFW_Backups\GuardianFW_20251230_164249\GuardianFW\engine\Detect-DoH.ps1.bak_fix_procId_undefined_20251228_221132"
"SHA256","455BCF223BB3A1C20E124861F1F461644C81A4B1DBA6EF979A5B1B9B5B0C017F","F:\GuardianFW_Backups\GuardianFW_20251230_164249\GuardianFW\engine\Detect-DoH.ps1.bak_fix_proc_order_20251228_220337"
"SHA256","455BCF223BB3A1C20E124861F1F461644C81A4B1DBA6EF979A5B1B9B5B0C017F","F:\GuardianFW_Backups\GuardianFW_20251230_164249\GuardianFW\engine\Detect-DoH.ps1.bak_fix_proc_order_20251228_220443"
"SHA256","F436561A001F9EA4D3DDBCBE05419FB92DCD6653E49F31A2A4DB6A598AEF8A06","F:\GuardianFW_Backups\GuardianFW_20251230_164249\GuardianFW\engine\Detect-DoH.ps1.bak_fix_proc_overwrite_20251229_121230"
"SHA256","F9B17E98136EDA86E5E8B1D7F46C13550422CCC2DA17243CFA2F9BB24CA70554","F:\GuardianFW_Backups\GuardianFW_20251230_164249\GuardianFW\engine\Detect-DoH.ps1.bak_fix_remote_20251229_141944"
"SHA256","47FD81FDD01EDD04385BB73685C15F188BEE5AE545E94CA16FBD756CF4A23B2A","F:\GuardianFW_Backups\GuardianFW_20251230_164249\GuardianFW\engine\Detect-DoH.ps1.bak_fix_tcpippath_20251228_232757"
"SHA256","5D1EDDBD24636C088685749C382F70FCDF5D96E754393E05DE970C79C2A1E849","F:\GuardianFW_Backups\GuardianFW_20251230_164249\GuardianFW\engine\Detect-DoH.ps1.bak_fn_Resolve-ProcNameFromPid_20251229_122706"
"SHA256","F528F2E50D700DD2389C95B7EFC5D537D0F63BD9B36DC1C8EFFA11162BB389A1","F:\GuardianFW_Backups\GuardianFW_20251230_164249\GuardianFW\engine\Detect-DoH.ps1.bak_force_header_cut_20251228_192249"
"SHA256","9F95B14C2EFCEFB0C951D2D7D07AEB5535BE704E9AFD7F55059AFC010B0269CB","F:\GuardianFW_Backups\GuardianFW_20251230_164249\GuardianFW\engine\Detect-DoH.ps1.bak_force_hits_array_20251228_193324"
"SHA256","501DDAF50A55D343FCE61F225448ACA0864DE6241CAA9EC23269CAC9A452E420","F:\GuardianFW_Backups\GuardianFW_20251230_164249\GuardianFW\engine\Detect-DoH.ps1.bak_force_pid_from_blktext_20251228_235309"
"SHA256","1F0F80B9F54BE66F47CAEB123301C58F9117938AB9962000E38EF1C90E523ED2","F:\GuardianFW_Backups\GuardianFW_20251230_164249\GuardianFW\engine\Detect-DoH.ps1.bak_force_selectstring_context_20251228_223559"
"SHA256","D35724A9500CBB40475B6B3BF8502680794E6E43A36BBC2E95F15FB23B751B58","F:\GuardianFW_Backups\GuardianFW_20251230_164249\GuardianFW\engine\Detect-DoH.ps1.bak_force_tcb_helper_20251229_004131"
"SHA256","72ABAC6BE9553A594B4E03236380F6CAB3922B182E2DE17C2B4FF8722ECD784E","F:\GuardianFW_Backups\GuardianFW_20251230_164249\GuardianFW\engine\Detect-DoH.ps1.bak_fullreplace_20251228_155023"
"SHA256","DE1F98CC4063A10F3795B4995F5079F270D32134F6DAD934C8719C4A0B64458D","F:\GuardianFW_Backups\GuardianFW_20251230_164249\GuardianFW\engine\Detect-DoH.ps1.bak_hard_header_clean_20251228_192101"
"SHA256","E8318362F3E6DE89529ECAF92AC402453861F2AD3B34509C4421E78F84101EC1","F:\GuardianFW_Backups\GuardianFW_20251230_164249\GuardianFW\engine\Detect-DoH.ps1.bak_helper_forwardscan_20251229_003705"
"SHA256","E8318362F3E6DE89529ECAF92AC402453861F2AD3B34509C4421E78F84101EC1","F:\GuardianFW_Backups\GuardianFW_20251230_164249\GuardianFW\engine\Detect-DoH.ps1.bak_helper_nonzero_20251229_003124"
"SHA256","61B11DE3E8B9A8818190F310F83F3C93E66FC071CCD2CAA33AAB8E8044D6C196","F:\GuardianFW_Backups\GuardianFW_20251230_164249\GuardianFW\engine\Detect-DoH.ps1.bak_increase_context_20251228_222854"
"SHA256","F1A8B67B60F9713E8CCDFB429BB24E63A8A3AC6B58C919950BEEEB68CDB381F3","F:\GuardianFW_Backups\GuardianFW_20251230_164249\GuardianFW\engine\Detect-DoH.ps1.bak_keep_20251228_153127"
"SHA256","E7FD7D1DE7BA65651AB2864BFA6BE22AA7BB8BDAC375F1C53AB3FA504077EC08","F:\GuardianFW_Backups\GuardianFW_20251230_164249\GuardianFW\engine\Detect-DoH.ps1.bak_keep_20251228_153202"
"SHA256","5D1EDDBD24636C088685749C382F70FCDF5D96E754393E05DE970C79C2A1E849","F:\GuardianFW_Backups\GuardianFW_20251230_164249\GuardianFW\engine\Detect-DoH.ps1.bak_line_20251229_122657"
"SHA256","5D1EDDBD24636C088685749C382F70FCDF5D96E754393E05DE970C79C2A1E849","F:\GuardianFW_Backups\GuardianFW_20251230_164249\GuardianFW\engine\Detect-DoH.ps1.bak_line_20251229_130447"
"SHA256","5D1EDDBD24636C088685749C382F70FCDF5D96E754393E05DE970C79C2A1E849","F:\GuardianFW_Backups\GuardianFW_20251230_164249\GuardianFW\engine\Detect-DoH.ps1.bak_line_20251229_131328"
"SHA256","5D1EDDBD24636C088685749C382F70FCDF5D96E754393E05DE970C79C2A1E849","F:\GuardianFW_Backups\GuardianFW_20251230_164249\GuardianFW\engine\Detect-DoH.ps1.bak_line_20251229_132045"
"SHA256","5D1EDDBD24636C088685749C382F70FCDF5D96E754393E05DE970C79C2A1E849","F:\GuardianFW_Backups\GuardianFW_20251230_164249\GuardianFW\engine\Detect-DoH.ps1.bak_line_20251229_132629"
"SHA256","DF08C54EDCDF33D0A30CC01592DC76891F227D347DBC53FB7C62563E56BEDA73","F:\GuardianFW_Backups\GuardianFW_20251230_164249\GuardianFW\engine\Detect-DoH.ps1.bak_lock_blktext_20251229_002258"
"SHA256","E9BFE3F2CB12852DEDA34594867A586B4E314BFFFEC8A55C5AABF9DCFF4004F2","F:\GuardianFW_Backups\GuardianFW_20251230_164249\GuardianFW\engine\Detect-DoH.ps1.bak_move_norun_guard_20251229_023530"
"SHA256","295CE33294B13BAE1216CEBAE797A84D371917312A2DD63BC59D83E2DC8DDDBB","F:\GuardianFW_Backups\GuardianFW_20251230_164249\GuardianFW\engine\Detect-DoH.ps1.bak_param_first_20251228_192425"
"SHA256","123EBB23A0C93AB19D893C952C1E1BCFCE36F869E03E2D49536FD706B4688F11","F:\GuardianFW_Backups\GuardianFW_20251230_164249\GuardianFW\engine\Detect-DoH.ps1.bak_patch_20251228_181825"
"SHA256","2CA9B808E4432C1EDD4063E60FAEAA5EE181B581B718E50748127BB14424C8B7","F:\GuardianFW_Backups\GuardianFW_20251230_164249\GuardianFW\engine\Detect-DoH.ps1.bak_pidmap_20251228_191032"
"SHA256","D471881CA044D8F9F1151CDD67E63D68536CEA5A18A573D2AFFF76479F175548","F:\GuardianFW_Backups\GuardianFW_20251230_164249\GuardianFW\engine\Detect-DoH.ps1.bak_pidmap_globalfix2_20251229_015148"
"SHA256","D471881CA044D8F9F1151CDD67E63D68536CEA5A18A573D2AFFF76479F175548","F:\GuardianFW_Backups\GuardianFW_20251230_164249\GuardianFW\engine\Detect-DoH.ps1.bak_pidmap_globalfix_20251229_014454"
"SHA256","D471881CA044D8F9F1151CDD67E63D68536CEA5A18A573D2AFFF76479F175548","F:\GuardianFW_Backups\GuardianFW_20251230_164249\GuardianFW\engine\Detect-DoH.ps1.bak_pidmap_globalfix_20251229_014659"
"SHA256","23CDB9D9E6F6D39F0A798A77C37F52EDDDE69548CC99000ACB4013A6E1CCA9C2","F:\GuardianFW_Backups\GuardianFW_20251230_164249\GuardianFW\engine\Detect-DoH.ps1.bak_pidmap_merge_20251229_011237"
"SHA256","D5FF29706FCAD23E94F46A0E65DFC0C5897E4E77DF63A50B72A0BD5A9728A9DC","F:\GuardianFW_Backups\GuardianFW_20251230_164249\GuardianFW\engine\Detect-DoH.ps1.bak_pidmap_patch_20251228_191302"
"SHA256","6C58F5F2E99B8D9738F41FB4E758C82C9599F766EC47A813DA05CBC6C6E0C2E8","F:\GuardianFW_Backups\GuardianFW_20251230_164249\GuardianFW\engine\Detect-DoH.ps1.bak_pidmap_refresh_20251229_010119"
"SHA256","2DA4783330C0258FD7881850C0F51091E006A976663EEC87A7D28954479AA1E2","F:\GuardianFW_Backups\GuardianFW_20251230_164249\GuardianFW\engine\Detect-DoH.ps1.bak_pidmap_retry_20251228_191519"
"SHA256","E1C3773E93269FCEB72018456B3C7309570F934556418537428B326AD049EBBF","F:\GuardianFW_Backups\GuardianFW_20251230_164249\GuardianFW\engine\Detect-DoH.ps1.bak_pidpoll_normalize_and_resolve_20251229_030234"
"SHA256","E1C3773E93269FCEB72018456B3C7309570F934556418537428B326AD049EBBF","F:\GuardianFW_Backups\GuardianFW_20251230_164249\GuardianFW\engine\Detect-DoH.ps1.bak_pidpoll_safe_patch_20251229_030544"
"SHA256","909BF4785043E420A2B9C75A9C995D7A304552EDF5FE79F04C6D25BDC76F23FF","F:\GuardianFW_Backups\GuardianFW_20251230_164249\GuardianFW\engine\Detect-DoH.ps1.bak_pidwatcher_20251229_012423"
"SHA256","BC1F9CC47EB052BCDF8C5392252583221AD940D177DCA6C27AF950B151F9C53A","F:\GuardianFW_Backups\GuardianFW_20251230_164249\GuardianFW\engine\Detect-DoH.ps1.bak_pidwatcher_add_errlog_20251229_024042"
"SHA256","7360E20817DA7A6783DBC50D5FDEB099DC43227DF3935BB08E3CC8BC54F1C9B9","F:\GuardianFW_Backups\GuardianFW_20251230_164249\GuardianFW\engine\Detect-DoH.ps1.bak_pidwatcher_calls_20251229_012536"
"SHA256","7360E20817DA7A6783DBC50D5FDEB099DC43227DF3935BB08E3CC8BC54F1C9B9","F:\GuardianFW_Backups\GuardianFW_20251230_164249\GuardianFW\engine\Detect-DoH.ps1.bak_pidwatcher_calls_FIX_20251229_012852"
"SHA256","2547C7F643F707C255D602B07C0084AD9547FA31FC712CE853ADEBAFD752CA5B","F:\GuardianFW_Backups\GuardianFW_20251230_164249\GuardianFW\engine\Detect-DoH.ps1.bak_pidwatcher_createfile_20251229_021835"
"SHA256","27A2311B5CAD0F7D8D17DE2CBFBE5742FB30B015DBCA3FB743E7986821AEACDF","F:\GuardianFW_Backups\GuardianFW_20251230_164249\GuardianFW\engine\Detect-DoH.ps1.bak_pidwatcher_errlog_SAFE_20251229_024430"
"SHA256","B894B1D3F519B2540FA13817C00D316942EC8BB4B9768D857B05DB94002BD249","F:\GuardianFW_Backups\GuardianFW_20251230_164249\GuardianFW\engine\Detect-DoH.ps1.bak_pidwatcher_fireprobe_20251229_024804"
"SHA256","980D254DB9BD603241761A57E17B5D1E8AF80C6FC0D06C1B6F1CD35A458B1228","F:\GuardianFW_Backups\GuardianFW_20251230_164249\GuardianFW\engine\Detect-DoH.ps1.bak_pidwatcher_orderfix_20251229_013337"
"SHA256","A5D911326A3460C5F65F87122063EC24D594A7A2CAF49A2B225E99E78F7545AD","F:\GuardianFW_Backups\GuardianFW_20251230_164249\GuardianFW\engine\Detect-DoH.ps1.bak_pidwatcher_orderfix_20251229_021749"
"SHA256","E1F1BAB0CA6FC193C39F8C841FDBACF24D45F006BFF67473897A222FEA84F466","F:\GuardianFW_Backups\GuardianFW_20251230_164249\GuardianFW\engine\Detect-DoH.ps1.bak_pidwatcher_spool_20251229_020324"
"SHA256","29CC29860B479704C1C60B6F9236B03C79438B5512CD1BF72EA636A270F4C645","F:\GuardianFW_Backups\GuardianFW_20251230_164249\GuardianFW\engine\Detect-DoH.ps1.bak_pidwatcher_spool_harden_20251229_021318"
"SHA256","E1F1BAB0CA6FC193C39F8C841FDBACF24D45F006BFF67473897A222FEA84F466","F:\GuardianFW_Backups\GuardianFW_20251230_164249\GuardianFW\engine\Detect-DoH.ps1.bak_pidwatcher_usingfix_20251229_015644"
"SHA256","835488A1051E051E2416AF2F6EBC8F4C56C956676143FB1D64B7505CAE3C0C2C","F:\GuardianFW_Backups\GuardianFW_20251230_164249\GuardianFW\engine\Detect-DoH.ps1.bak_pid_from_tail_20251228_221656"
"SHA256","0C8BFE97BAFE3CFAAD69960DBEE57F621277BF475DA8E901B7948F37B61DEB6C","F:\GuardianFW_Backups\GuardianFW_20251230_164249\GuardianFW\engine\Detect-DoH.ps1.bak_pid_nonzero_patch_20251229_000024"
"SHA256","1091CD9522501D1A5E71F9DD6CC9B99A5A3AB9C9B923B56C8CFF76DAB4DCBF1F","F:\GuardianFW_Backups\GuardianFW_20251230_164249\GuardianFW\engine\Detect-DoH.ps1.bak_pid_nonzero_patch_20251229_000329"
"SHA256","4F223CDAFEA9B311E6FC7A7DFCF417A303E1FB48052BEB0C1C551C498FF8E5B1","F:\GuardianFW_Backups\GuardianFW_20251230_164249\GuardianFW\engine\Detect-DoH.ps1.bak_pid_parse_fix_20251228_200531"
"SHA256","05D090ED70D8F03F38FF0107DB200FD4B66A6DBEBCC07B56E6B2DD8F65696584","F:\GuardianFW_Backups\GuardianFW_20251230_164249\GuardianFW\engine\Detect-DoH.ps1.bak_pid_recover_localport_20251228_225004"
"SHA256","738EDAF227D7F45B8AFF669DCD66F45349F468591A306A6098D11A59ABA8A8D3","F:\GuardianFW_Backups\GuardianFW_20251230_164249\GuardianFW\engine\Detect-DoH.ps1.bak_pid_recover_tcb_20251228_225929"
"SHA256","05D090ED70D8F03F38FF0107DB200FD4B66A6DBEBCC07B56E6B2DD8F65696584","F:\GuardianFW_Backups\GuardianFW_20251230_164249\GuardianFW\engine\Detect-DoH.ps1.bak_pid_recover_tcb_AFTERPARAM_20251228_230600"
"SHA256","05D090ED70D8F03F38FF0107DB200FD4B66A6DBEBCC07B56E6B2DD8F65696584","F:\GuardianFW_Backups\GuardianFW_20251230_164249\GuardianFW\engine\Detect-DoH.ps1.bak_pid_recover_tcb_SAFE_20251228_230332"
"SHA256","106353F851C70E00C6882BCC89876BE417A2C506E8FCA77DB91E73704500DE88","F:\GuardianFW_Backups\GuardianFW_20251230_164249\GuardianFW\engine\Detect-DoH.ps1.bak_pid_unify_20251228_202612"
"SHA256","A26AC6F74FE8057D5404924F4EA78807A11E198460B28D9BCBDB5651A51FC28F","F:\GuardianFW_Backups\GuardianFW_20251230_164249\GuardianFW\engine\Detect-DoH.ps1.bak_polljob_and_resolver_20251229_111909"
"SHA256","BC3BB5AD9FA09593428FD73ACAB06A7ED6D89C12F5320380B21543B7940D476F","F:\GuardianFW_Backups\GuardianFW_20251230_164249\GuardianFW\engine\Detect-DoH.ps1.bak_procname_fixcall_20251229_005530"
"SHA256","5E8F15969EA99487A37A571C8179F6A4FC97A21BA77A121055C2B8F6BEE55876","F:\GuardianFW_Backups\GuardianFW_20251230_164249\GuardianFW\engine\Detect-DoH.ps1.bak_procname_learnpid_20251229_012155"
"SHA256","B5BA5112DBB431B570860FF3B7DCD7A21E73F68422EAE2C9F49FF8BAAB7F414E","F:\GuardianFW_Backups\GuardianFW_20251230_164249\GuardianFW\engine\Detect-DoH.ps1.bak_procname_safely_20251229_005133"
"SHA256","18A8D8E4AED4B0B4D9CB2AECD2ED7879E361AB79FA5E0F64AA12EBC4FE0F95DE","F:\GuardianFW_Backups\GuardianFW_20251230_164249\GuardianFW\engine\Detect-DoH.ps1.bak_procname_use_scriptPidMap_20251229_011625"
"SHA256","877EDD6054097488D9DD1BC9921B6C1E15C6AF5A9D35268F7778551E0D0B8B6E","F:\GuardianFW_Backups\GuardianFW_20251230_164249\GuardianFW\engine\Detect-DoH.ps1.bak_proc_blank_20251229_002447"
"SHA256","B6C0B4141CEA035560577923DC5E4512CD918C2459BEC6F9BE6BD5177CEE770C","F:\GuardianFW_Backups\GuardianFW_20251230_164249\GuardianFW\engine\Detect-DoH.ps1.bak_proc_cim_20251228_190337"
"SHA256","5D1EDDBD24636C088685749C382F70FCDF5D96E754393E05DE970C79C2A1E849","F:\GuardianFW_Backups\GuardianFW_20251230_164249\GuardianFW\engine\Detect-DoH.ps1.bak_proc_guard_20251229_132924"
"SHA256","D4DEF0EF16017AF0E2EA6BD72E5C0FDFE7731BCCF5BEA14D8AF4D8B304E6A998","F:\GuardianFW_Backups\GuardianFW_20251230_164249\GuardianFW\engine\Detect-DoH.ps1.bak_proc_resolve_after_proc_assign_20251229_115330"
"SHA256","4197EDBEE894A45637B7C4111BBA558BB5B7419314F3C29C2931B19BD44AD3F3","F:\GuardianFW_Backups\GuardianFW_20251230_164249\GuardianFW\engine\Detect-DoH.ps1.bak_recover_context_500_20251228_235421"
"SHA256","F59BD8421EA610DFF7426E8E10BB16FCBFB969C79257120290D82BCC73C7053C","F:\GuardianFW_Backups\GuardianFW_20251230_164249\GuardianFW\engine\Detect-DoH.ps1.bak_remove_blktext_mvalue_20251228_234815"
"SHA256","7B5468662D9557875C90E798E9E7C2CF9962526690664255D541984BE357CB05","F:\GuardianFW_Backups\GuardianFW_20251230_164249\GuardianFW\engine\Detect-DoH.ps1.bak_remove_inline_procId_20251228_231913"
"SHA256","C615A41CF7E0837D4909B8E1725E80275159BC99BCA990F17C09877DFC51A2B8","F:\GuardianFW_Backups\GuardianFW_20251230_164249\GuardianFW\engine\Detect-DoH.ps1.bak_repair_addeventlog_helper_20251228_200929"
"SHA256","61E4322E2180A107E604BDC4E1ADAB5E6A19531B987B69182F899F28C059EA28","F:\GuardianFW_Backups\GuardianFW_20251230_164249\GuardianFW\engine\Detect-DoH.ps1.bak_repair_header_20251228_191830"
"SHA256","DE1F98CC4063A10F3795B4995F5079F270D32134F6DAD934C8719C4A0B64458D","F:\GuardianFW_Backups\GuardianFW_20251230_164249\GuardianFW\engine\Detect-DoH.ps1.bak_repair_header_20251228_192010"
"SHA256","05D090ED70D8F03F38FF0107DB200FD4B66A6DBEBCC07B56E6B2DD8F65696584","F:\GuardianFW_Backups\GuardianFW_20251230_164249\GuardianFW\engine\Detect-DoH.ps1.bak_repair_syntax_and_pid_20251228_225317"
"SHA256","8741AFA4FE9CC4147F72C50332DC8414E86A8A4FEFB6E0ADF75DAB64BCC31FDB","F:\GuardianFW_Backups\GuardianFW_20251230_164249\GuardianFW\engine\Detect-DoH.ps1.bak_replace_extractpid_20251229_001300"
"SHA256","2FF1EA988F7522456FC13DB6348AF6607377D589E00A34D85F4DD805562800EA","F:\GuardianFW_Backups\GuardianFW_20251230_164249\GuardianFW\engine\Detect-DoH.ps1.bak_replace_polljob_with_loop_20251229_114405"
"SHA256","954DA8076D9D10220AE7F716A86DA16D0F2CA1AAC9930A78AA995F6228218A73","F:\GuardianFW_Backups\GuardianFW_20251230_164249\GuardianFW\engine\Detect-DoH.ps1.bak_resolverFAST_20251229_134739"
"SHA256","954DA8076D9D10220AE7F716A86DA16D0F2CA1AAC9930A78AA995F6228218A73","F:\GuardianFW_Backups\GuardianFW_20251230_164249\GuardianFW\engine\Detect-DoH.ps1.bak_resolverFAST_20251229_135139"
"SHA256","9596792BFD916DC3CD8486E9FD2F4A3B80E87D2CBFA3BDAF5C082357B4B82A54","F:\GuardianFW_Backups\GuardianFW_20251230_164249\GuardianFW\engine\Detect-DoH.ps1.bak_resolverSAFE_20251229_134313"
"SHA256","9596792BFD916DC3CD8486E9FD2F4A3B80E87D2CBFA3BDAF5C082357B4B82A54","F:\GuardianFW_Backups\GuardianFW_20251230_164249\GuardianFW\engine\Detect-DoH.ps1.bak_resolver_20251229_133457"
"SHA256","9596792BFD916DC3CD8486E9FD2F4A3B80E87D2CBFA3BDAF5C082357B4B82A54","F:\GuardianFW_Backups\GuardianFW_20251230_164249\GuardianFW\engine\Detect-DoH.ps1.bak_resolver_20251229_134012"
"SHA256","D4DEF0EF16017AF0E2EA6BD72E5C0FDFE7731BCCF5BEA14D8AF4D8B304E6A998","F:\GuardianFW_Backups\GuardianFW_20251230_164249\GuardianFW\engine\Detect-DoH.ps1.bak_resolve_proc_when_unknown_20251229_114855"
"SHA256","2FF1EA988F7522456FC13DB6348AF6607377D589E00A34D85F4DD805562800EA","F:\GuardianFW_Backups\GuardianFW_20251230_164249\GuardianFW\engine\Detect-DoH.ps1.bak_strong_resolver_20251229_120506"
"SHA256","78D40DD2B2B89F587A47F34978E8CE070AEEAB375B6115DC0DDAACE5E35EA4EB","F:\GuardianFW_Backups\GuardianFW_20251230_164249\GuardianFW\engine\Detect-DoH.ps1.bak_switch_to_pidpoll_20251229_025938"
"SHA256","3AEA7DC2B12AB984BB1FC55751C5BFF95E2420447480215AF4854F0FD152B988","F:\GuardianFW_Backups\GuardianFW_20251230_164249\GuardianFW\engine\Detect-DoH.ps1.bak_tcp_correlate_20251229_140034"
"SHA256","72C9243F3AEB52F1C651D4BA715ECC58275E1E723A0BA8F37B2150F88DACA9B8","F:\GuardianFW_Backups\GuardianFW_20251230_164249\GuardianFW\engine\Detect-DoH.ps1.bak_tcp_patch_20251229_142640"
"SHA256","9BA9E92DFB2994AE08D893533959BDCCC94B86DABA1B2F51F33C46DBBDF125CC","F:\GuardianFW_Backups\GuardianFW_20251230_164249\GuardianFW\engine\Detect-DoH.ps1.bak_upgrade_20251228_161249"
"SHA256","D4D7204B91AAD783AB62560FDDC7DE371DBD924A4EBABD51709AC883CD5E9066","F:\GuardianFW_Backups\GuardianFW_20251230_164249\GuardianFW\engine\Detect-DoH.ps1.bak_use_match_context_20251228_222732"
"SHA256","7F5FA0FAD422EB714EAB874B3701A10369722DF1C88CF5DBA47F64143E7E90B1","F:\GuardianFW_Backups\GuardianFW_20251230_164249\GuardianFW\engine\Detect-DoH.ps1.bak_use_txt_in_helper_20251229_004838"
"SHA256","671DB2181FF83A56F7E5C4A9BF4556FA7EF3E76257E366E806A9BAB224CDD163","F:\GuardianFW_Backups\GuardianFW_20251230_164249\GuardianFW\engine\doh-enforcement.ps1"
"SHA256","1596149B6C9B412134560A06C7F444AC6370BD556038B66013003C0AD96097B9","F:\GuardianFW_Backups\GuardianFW_20251230_164249\GuardianFW\engine\Enforce-DnsPolicy.ps1"
"SHA256","3068D7A927473579081CC6B8C83E6300027C60CBE2F699C43DDBE4DE8643184E","F:\GuardianFW_Backups\GuardianFW_20251230_164249\GuardianFW\engine\Enforce-DnsPolicy.ps1.bak_audit_wouldchange_20251227_172919"
"SHA256","0463BF155B4CBFD54687301400815DC8173F57D1D427D2CDC582D336775F8D18","F:\GuardianFW_Backups\GuardianFW_20251230_164249\GuardianFW\engine\Enforce-DnsPolicy.ps1.bak_audit_wouldchange_20251227_175245"
"SHA256","D51AC1BD50E0D98557B70A356E5F8A529322FF80F9040B9AFDA2F25D2C751659","F:\GuardianFW_Backups\GuardianFW_20251230_164249\GuardianFW\engine\Enforce-DnsPolicy.ps1.bak_fix_rawguard_20251227_184235"
"SHA256","8F25C1A6D506BA54D3328DCC39CD79310A886BFA5AE4B314553E09A8F3407EA9","F:\GuardianFW_Backups\GuardianFW_20251230_164249\GuardianFW\engine\Enforce-DnsPolicy.ps1.bak_hosts_retry_20251227_172045"
"SHA256","279962460909A62FE0317B37C8E2A5890D2FAB2B4E7DBDDACC0DE00DC5C5AF99","F:\GuardianFW_Backups\GuardianFW_20251230_164249\GuardianFW\engine\Enforce-DnsPolicy.ps1.bak_noopstable_20251227_172323"
"SHA256","232B7C2BE7A037E644392F90559321BD1BA0AD538F72373D852D4E475F8D5B7C","F:\GuardianFW_Backups\GuardianFW_20251230_164249\GuardianFW\engine\Enforce-DnsPolicy.ps1.bak_no_timestamp_20251227_172117"
"SHA256","FC596F95FAA87248ED9E09B974AC1048B48D64F98B5A77D5FFD887FAEA8A8F9D","F:\GuardianFW_Backups\GuardianFW_20251230_164249\GuardianFW\engine\Enforce-DnsPolicy.ps1.bak_nullhosts_20251227_183858"
"SHA256","115CAB518A96C779477248C500F9A76D9EB1D9A557A111F1A2D1128E8362D0CB","F:\GuardianFW_Backups\GuardianFW_20251230_164249\GuardianFW\engine\Enforce-DnsPolicy.ps1.bak_phase3_state_policy_20251228_133849"
"SHA256","A597D2507F68E0D9669124DE3595EEB0CE6F5602894F728213249C407D5BFAE2","F:\GuardianFW_Backups\GuardianFW_20251230_164249\GuardianFW\engine\Enforce-DoHBlock.ps1"
"SHA256","DF9230F507A64F36F9EE6B519825D135BA525384155E8FE41FFEE66746B25F71","F:\GuardianFW_Backups\GuardianFW_20251230_164249\GuardianFW\engine\Enforce-DoHBlock.ps1.bak_20251228_183710"
"SHA256","3ED8FEB2073F4BDDCFFBBD16AB33DE588F02B09EEA8F24164A8001BC6658AD77","F:\GuardianFW_Backups\GuardianFW_20251230_164249\GuardianFW\engine\Enforce-DoHBlock.ps1.bak_add_program_20251228_190345"
"SHA256","DF9230F507A64F36F9EE6B519825D135BA525384155E8FE41FFEE66746B25F71","F:\GuardianFW_Backups\GuardianFW_20251230_164249\GuardianFW\engine\Enforce-DoHBlock.ps1.bak_fix_colon_20251228_184616"
"SHA256","B21219C73DAB373D10FCF9C83D10DE7B7D2024110094FD872CE5203F5996B60A","F:\GuardianFW_Backups\GuardianFW_20251230_164249\GuardianFW\engine\firewall-baseline.ps1"
"SHA256","E3B0C44298FC1C149AFBF4C8996FB92427AE41E4649B934CA495991B7852B855","F:\GuardianFW_Backups\GuardianFW_20251230_164249\GuardianFW\engine\firewall-baseline.ps1.txt"
"SHA256","56E3E646FC8F013A6C15965750B278E25D0C1802441D057ABBCA5B73D591F955","F:\GuardianFW_Backups\GuardianFW_20251230_164249\GuardianFW\engine\Guardian.Config.psm1"
"SHA256","6990C07065A6CE38BC952131B10AA7AD6C521E0097DF1FDBEAEA917CD6C1735B","F:\GuardianFW_Backups\GuardianFW_20251230_164249\GuardianFW\engine\Guardian.Config.psm1.bak_lockretry_20251227_170519"
"SHA256","AC44932F2906C6DFF8D0EF564040345EA3CC7618F7D53AA620D383D31B77E47F","F:\GuardianFW_Backups\GuardianFW_20251230_164249\GuardianFW\engine\Guardian.DB.psm1"
"SHA256","8FE33AD2A14BBB49310D9BCD4488A3577CDDCE6F84E89D1C5C075ECCF204C6E3","F:\GuardianFW_Backups\GuardianFW_20251230_164249\GuardianFW\engine\Guardian.DB.psm1.bak_20251227_165816"
"SHA256","956A674F17B0DB7B91E20421F178030564266B94686742A297540F9FC879EB10","F:\GuardianFW_Backups\GuardianFW_20251230_164249\GuardianFW\engine\Guardian.DnsDrift.psm1"
"SHA256","D4CD22F54A61B219036FF5250677BC33DD9B9056EC5ED387D24104982AE62D56","F:\GuardianFW_Backups\GuardianFW_20251230_164249\GuardianFW\engine\Guardian.DnsDrift.psm1.bak_exportsha_20251227_181814"
"SHA256","7D9C4DCB8125D5BE002674C2118A775BBCEAC2F728E4A70C8EB1562DC5F64EB9","F:\GuardianFW_Backups\GuardianFW_20251230_164249\GuardianFW\engine\Guardian.DnsDrift.psm1.bak_nullguard_20251227_183443"
"SHA256","5D951110D20D6FC203C83578770BAC29FD4A7126F350CB7D9BD765941D03D4ED","F:\GuardianFW_Backups\GuardianFW_20251230_164249\GuardianFW\engine\Guardian.Evidence.psm1"
"SHA256","10CBE8B030F5A38E25CFB03467FBD02B0BCEA9714AD21AD03C829194DEA1B2EC","F:\GuardianFW_Backups\GuardianFW_20251230_164249\GuardianFW\engine\Guardian.ExitCodes.psm1"
"SHA256","E220F6114D9C72F54DCD3BAB4B0199DCC4A8FDDE431AAF34B38E6958B8FB8C0A","F:\GuardianFW_Backups\GuardianFW_20251230_164249\GuardianFW\engine\Guardian.Map.psm1"
"SHA256","A92D05F857C08401D3AA0F3657CD7C3CA0DAAE5E5BA9139E179F3FCA562BA5F8","F:\GuardianFW_Backups\GuardianFW_20251230_164249\GuardianFW\engine\GuardianFW-Common.ps1"
"SHA256","06487D4FD4BA9F779184B0626B82BD750CDDA4FC7F8118ED2BE9C2C85E4EA9D3","F:\GuardianFW_Backups\GuardianFW_20251230_164249\GuardianFW\engine\GuardianFW-Enforce.ps1"
"SHA256","197EF32850FD4CB3217A632AA62C68275E63A1F246141C28310FA60B41CA00D9","F:\GuardianFW_Backups\GuardianFW_20251230_164249\GuardianFW\engine\GuardianFW-PhaseX.ps1"
"SHA256","F8C90B1975A58E280113CFF608D076AA08D5A630672AFD839A56CA5CC9E6E417","F:\GuardianFW_Backups\GuardianFW_20251230_164249\GuardianFW\engine\GuardianFW-Policy.ps1"
"SHA256","6C65747FF84AF017C47CC311A564F75138ED2A086066BFAF08D07B7EA3EA1081","F:\GuardianFW_Backups\GuardianFW_20251230_164249\GuardianFW\engine\GuardianFW-State.ps1"
"SHA256","8142B1EAE314825E697C8B0703E08CB6911FC408E7B41142241FBEA59B626546","F:\GuardianFW_Backups\GuardianFW_20251230_164249\GuardianFW\engine\guardianfw.ps1"
"SHA256","04786E06B6D5C611A2F37751B6072F6D2E91AC7136735CD00EC9A39C9DD5E19B","F:\GuardianFW_Backups\GuardianFW_20251230_164249\GuardianFW\engine\guardianfw.ps1.bak_20251226_190408"
"SHA256","04786E06B6D5C611A2F37751B6072F6D2E91AC7136735CD00EC9A39C9DD5E19B","F:\GuardianFW_Backups\GuardianFW_20251230_164249\GuardianFW\engine\guardianfw.ps1.bak_20251226_190530"
"SHA256","04786E06B6D5C611A2F37751B6072F6D2E91AC7136735CD00EC9A39C9DD5E19B","F:\GuardianFW_Backups\GuardianFW_20251230_164249\GuardianFW\engine\guardianfw.ps1.bak_20251226_190635"
"SHA256","04786E06B6D5C611A2F37751B6072F6D2E91AC7136735CD00EC9A39C9DD5E19B","F:\GuardianFW_Backups\GuardianFW_20251230_164249\GuardianFW\engine\guardianfw.ps1.bak_20251226_190742"
"SHA256","837F62CF615A8FB2112AC0B3A4BDDE736EBC28CFCB69A5616D2185AC94DA983C","F:\GuardianFW_Backups\GuardianFW_20251230_164249\GuardianFW\engine\guardianfw.ps1.bak_fixblock_20251226_191012"
"SHA256","F14D8FFAB580A2D4FC4C6C25F816565DD4F91B1D381127AF84A12F2FBAC343E3","F:\GuardianFW_Backups\GuardianFW_20251230_164249\GuardianFW\engine\guardianfw.ps1.bak_fixJust2_20251226_191931"
"SHA256","F14D8FFAB580A2D4FC4C6C25F816565DD4F91B1D381127AF84A12F2FBAC343E3","F:\GuardianFW_Backups\GuardianFW_20251230_164249\GuardianFW\engine\guardianfw.ps1.bak_fixJust_20251226_191819"
"SHA256","837F62CF615A8FB2112AC0B3A4BDDE736EBC28CFCB69A5616D2185AC94DA983C","F:\GuardianFW_Backups\GuardianFW_20251230_164249\GuardianFW\engine\guardianfw.ps1.bak_fix_20251226_190903"
"SHA256","F14D8FFAB580A2D4FC4C6C25F816565DD4F91B1D381127AF84A12F2FBAC343E3","F:\GuardianFW_Backups\GuardianFW_20251230_164249\GuardianFW\engine\guardianfw.ps1.bak_justblock2_20251226_222939"
"SHA256","F14D8FFAB580A2D4FC4C6C25F816565DD4F91B1D381127AF84A12F2FBAC343E3","F:\GuardianFW_Backups\GuardianFW_20251230_164249\GuardianFW\engine\guardianfw.ps1.bak_justblock_20251226_191225"
"SHA256","F14D8FFAB580A2D4FC4C6C25F816565DD4F91B1D381127AF84A12F2FBAC343E3","F:\GuardianFW_Backups\GuardianFW_20251230_164249\GuardianFW\engine\guardianfw.ps1.bak_justblock_20251226_222736"
"SHA256","F14D8FFAB580A2D4FC4C6C25F816565DD4F91B1D381127AF84A12F2FBAC343E3","F:\GuardianFW_Backups\GuardianFW_20251230_164249\GuardianFW\engine\guardianfw.ps1.bak_justfix_20251226_191110"
"SHA256","E3B0C44298FC1C149AFBF4C8996FB92427AE41E4649B934CA495991B7852B855","F:\GuardianFW_Backups\GuardianFW_20251230_164249\GuardianFW\engine\harden-acl.ps1.txt"
"SHA256","DDEE9EEF613345F7C33ACFA73F6F8F11C124FE0FB5E5975192E4425F14231D4E","F:\GuardianFW_Backups\GuardianFW_20251230_164249\GuardianFW\engine\heal-firewall.ps1"
"SHA256","E3B0C44298FC1C149AFBF4C8996FB92427AE41E4649B934CA495991B7852B855","F:\GuardianFW_Backups\GuardianFW_20251230_164249\GuardianFW\engine\heal-firewall.ps1.txt"
"SHA256","D970362D956DCEC80122700AC287EF53731B33013DC695D9FB0617E594C6059A","F:\GuardianFW_Backups\GuardianFW_20251230_164249\GuardianFW\engine\heal-registry.ps1"
"SHA256","35697E00799BFC629216BA86BBA80E8AA314AFFA5C1BB8B8759D3CF4E4ECD5F7","F:\GuardianFW_Backups\GuardianFW_20251230_164249\GuardianFW\engine\health.ps1"
"SHA256","54A5DB62AA8FB17557BB12747A964E5B8D02850F50D978DA803FCCAE0FD7059F","F:\GuardianFW_Backups\GuardianFW_20251230_164249\GuardianFW\engine\health.ps1.bak_add_catch_location_20251227_225202"
"SHA256","7A3A4F06F9E8230CBEAB8D71D494602ECA1AF5544D29C012673E9B0151107D6D","F:\GuardianFW_Backups\GuardianFW_20251230_164249\GuardianFW\engine\health.ps1.bak_add_console_20251227_191421"
"SHA256","9833E0BB1AC0C32A81FB245283742C4019C073A6B56EF1DA79FB1D4B20193C51","F:\GuardianFW_Backups\GuardianFW_20251230_164249\GuardianFW\engine\health.ps1.bak_add_decision_snapshot_20251227_004948"
"SHA256","6F6708B978FEDF051D863939CF9139F0310F87F5715C4F66F3C8663BBDB20BEB","F:\GuardianFW_Backups\GuardianFW_20251230_164249\GuardianFW\engine\health.ps1.bak_add_integrity_warnings_20251227_215928"
"SHA256","1814860197CA105A8BA7C8FF7982AEFB25E45022EBA8F6D2AF0F1251BDFB308D","F:\GuardianFW_Backups\GuardianFW_20251230_164249\GuardianFW\engine\health.ps1.bak_add_lock_finally_20251227_005749"
"SHA256","895D706DBE3F08F89DBCE509340CE57D448FAB923F0F920AF3624926061476CA","F:\GuardianFW_Backups\GuardianFW_20251230_164249\GuardianFW\engine\health.ps1.bak_amend_health_devprod_20251227_222702"
"SHA256","2F90E491F2B2801A58454D1C563D6737BE6C0E578359B0D3F086F565C8754093","F:\GuardianFW_Backups\GuardianFW_20251230_164249\GuardianFW\engine\health.ps1.bak_clean_20251226_200133"
"SHA256","71BA99757CEFD432D1C41B2A453B13D0404E6C3E63EC8B4AB0D8E93125263CF4","F:\GuardianFW_Backups\GuardianFW_20251230_164249\GuardianFW\engine\health.ps1.bak_debug_fwreg_20251227_233242"
"SHA256","87CBAECA61C515C72C5F63A26BE49B74C0804F664056D7DAE5680BEAB819FE3F","F:\GuardianFW_Backups\GuardianFW_20251230_164249\GuardianFW\engine\health.ps1.bak_debug_no_silent_20251227_221803"
"SHA256","0C8858F7D23E484C2FF7327C6ECC1F2146F26A6AC9F52225D599B8A5A06F609D","F:\GuardianFW_Backups\GuardianFW_20251230_164249\GuardianFW\engine\health.ps1.bak_fix_cmd_build_20251227_225642"
"SHA256","0C8858F7D23E484C2FF7327C6ECC1F2146F26A6AC9F52225D599B8A5A06F609D","F:\GuardianFW_Backups\GuardianFW_20251230_164249\GuardianFW\engine\health.ps1.bak_fix_cmd_concat_20251227_225812"
"SHA256","5EDEE24BA9A5C62F4F6EA5F7C77321EAF2292F60B4E667E90CA30D8844685AF5","F:\GuardianFW_Backups\GuardianFW_20251230_164249\GuardianFW\engine\health.ps1.bak_fix_cmd_env_escape_20251227_225948"
"SHA256","5EDEE24BA9A5C62F4F6EA5F7C77321EAF2292F60B4E667E90CA30D8844685AF5","F:\GuardianFW_Backups\GuardianFW_20251230_164249\GuardianFW\engine\health.ps1.bak_fix_cmd_singlequote_concat_20251227_230123"
"SHA256","5EDEE24BA9A5C62F4F6EA5F7C77321EAF2292F60B4E667E90CA30D8844685AF5","F:\GuardianFW_Backups\GuardianFW_20251230_164249\GuardianFW\engine\health.ps1.bak_fix_cmd_singlequote_concat_20251227_230228"
"SHA256","B22396DBFAADC61BF03FA73CC72BB8CC416318BF6B05C649BEAC0CF96EE08376","F:\GuardianFW_Backups\GuardianFW_20251230_164249\GuardianFW\engine\health.ps1.bak_fix_exitcode_logic2_20251228_135358"
"SHA256","35697E00799BFC629216BA86BBA80E8AA314AFFA5C1BB8B8759D3CF4E4ECD5F7","F:\GuardianFW_Backups\GuardianFW_20251230_164249\GuardianFW\engine\health.ps1.bak_fix_exitcode_logic2_20251228_135438"
"SHA256","5EB0604D319CD5E3F0CF4D82B5B640B63C91659770F29630EA697A0B84257D13","F:\GuardianFW_Backups\GuardianFW_20251230_164249\GuardianFW\engine\health.ps1.bak_fix_exitcode_logic_20251228_135309"
"SHA256","40E43B318F52B93BC0883F8FBED38092382AA0B8CA9A4F00DFE76474A40C91BC","F:\GuardianFW_Backups\GuardianFW_20251230_164249\GuardianFW\engine\health.ps1.bak_fix_exit_ps51_20251227_230641"
"SHA256","BF488F54D2A7563E8D8944B12A50290749AD990BFEB1E7760D6249EF16992120","F:\GuardianFW_Backups\GuardianFW_20251230_164249\GuardianFW\engine\health.ps1.bak_fix_format_exception_20251227_224650"
"SHA256","E558EC2F0660BA2A01FA24864C27A87ACE48993548713C4359DB8CDBEAABC1EC","F:\GuardianFW_Backups\GuardianFW_20251230_164249\GuardianFW\engine\health.ps1.bak_fix_fwreg_parse_20251227_232732"
"SHA256","D5B343BF09C79DE2BB94E89F6A27F0BAFE78D0DDB5C551E50AA998A6A9159446","F:\GuardianFW_Backups\GuardianFW_20251230_164249\GuardianFW\engine\health.ps1.bak_fix_health_line_integrityMsg_20251227_220245"
"SHA256","C04C3F4D6F2856CB3148F1B0C7672E694C228C40F49D02A5871213553609EF76","F:\GuardianFW_Backups\GuardianFW_20251230_164249\GuardianFW\engine\health.ps1.bak_fix_integritymsg_devprod_20251227_222150"
"SHA256","52D3FE34DBBC9F335693894FC8EC13A7974FA60A5A05197540F4AE2EC56FAA2D","F:\GuardianFW_Backups\GuardianFW_20251230_164249\GuardianFW\engine\health.ps1.bak_fix_integrity_vi_and_exit_20251227_220121"
"SHA256","7C6BEB36D3287F85B7EFE3E86897FB067209373DF4C1915ED058E905FA90ECC5","F:\GuardianFW_Backups\GuardianFW_20251230_164249\GuardianFW\engine\health.ps1.bak_fix_ps51_exit_int_20251227_222004"
"SHA256","78300A35CC433677797DB199C49E79D2D4471A2BBD805C6F6D02FA17FE8E84C3","F:\GuardianFW_Backups\GuardianFW_20251230_164249\GuardianFW\engine\health.ps1.bak_fix_status_vars_20251227_230810"
"SHA256","0739833E80345A3693BEF2C8F5EC9B933BB3D49CF6C3F3DBA8751BACCB03735F","F:\GuardianFW_Backups\GuardianFW_20251230_164249\GuardianFW\engine\health.ps1.bak_fix_vi_order_20251227_231404"
"SHA256","2BFF16A257BE3EFDFEDA55F57F0E6F1DA9C2698B99AE94C72AF6DDB9313781E8","F:\GuardianFW_Backups\GuardianFW_20251230_164249\GuardianFW\engine\health.ps1.bak_force_fwreg_json_20251227_233312"
"SHA256","54A5DB62AA8FB17557BB12747A964E5B8D02850F50D978DA803FCCAE0FD7059F","F:\GuardianFW_Backups\GuardianFW_20251230_164249\GuardianFW\engine\health.ps1.bak_insert_diag_20251227_225528"
"SHA256","4A20213D4037B221762ED2B94BE4056E68B9777C12668C625A906F14566F11C1","F:\GuardianFW_Backups\GuardianFW_20251230_164249\GuardianFW\engine\health.ps1.bak_lock_20251226_195823"
"SHA256","5EDEE24BA9A5C62F4F6EA5F7C77321EAF2292F60B4E667E90CA30D8844685AF5","F:\GuardianFW_Backups\GuardianFW_20251230_164249\GuardianFW\engine\health.ps1.bak_remove_childps_vi_20251227_230337"
"SHA256","DD26B841C5322B940728D46A601E0ABB1EB36CFCD35C10AEE4A263B1485F7CE9","F:\GuardianFW_Backups\GuardianFW_20251230_164249\GuardianFW\engine\health.ps1.bak_remove_debug_20251227_233421"
"SHA256","638CDCE2F9A79F4381D44502C8999137BA4E42F601A0E136C44A2623EC339B2F","F:\GuardianFW_Backups\GuardianFW_20251230_164249\GuardianFW\engine\health.ps1.bak_remove_hasprop_20251227_231051"
"SHA256","185A131B2C1F1F7D56C52D562D545E2BE34DA9A61200B95DBD7A9B8E84193DFC","F:\GuardianFW_Backups\GuardianFW_20251230_164249\GuardianFW\engine\health.ps1.bak_repair_all_20251227_232137"
"SHA256","229744F091C28B60FF6B3113A384CC06E420B61E7E848B73AA082030165964FF","F:\GuardianFW_Backups\GuardianFW_20251230_164249\GuardianFW\engine\health.ps1.bak_rewrite_clean_20251227_224301"
"SHA256","E8391AF3B0B7AF0EB7B877BA92623B241BBB81CD41784D20559C3083ABCD1C13","F:\GuardianFW_Backups\GuardianFW_20251230_164249\GuardianFW\engine\health.ps1.bak_safe_patch_20251227_220921"
"SHA256","9A7D8984999541E9DBF3D554CD298ADCA26E8E9E02CB2F32F5737D78056AFC54","F:\GuardianFW_Backups\GuardianFW_20251230_164249\GuardianFW\engine\health.ps1.bak_stepfix_20251226_195359"
"SHA256","E8391AF3B0B7AF0EB7B877BA92623B241BBB81CD41784D20559C3083ABCD1C13","F:\GuardianFW_Backups\GuardianFW_20251230_164249\GuardianFW\engine\health.ps1.bak_toplevel_try_defaults_20251227_220423"
"SHA256","24DCF264A3C1DD41501BFC5EE34E767A71DCC07F859FAC0D0A430B4E5FCC3E66","F:\GuardianFW_Backups\GuardianFW_20251230_164249\GuardianFW\engine\health.ps1.bak_waitfix_20251226_195248"
"SHA256","F4674BE39F797833D885296C31BE9652782A4BFCD6ED8B5EE40448A8D137C074","F:\GuardianFW_Backups\GuardianFW_20251230_164249\GuardianFW\engine\integrity-hash-baseline.ps1"
"SHA256","AEC4908D5D97B56E56C7FCAF369D42ECE649835DAABC3E5BB99962F04C7D112D","F:\GuardianFW_Backups\GuardianFW_20251230_164249\GuardianFW\engine\lib-ps-timeout.ps1"
"SHA256","7778A24F5863C0008DAC15275887CF99E57ED0F56FB7C37FE581CF3ADDDF8B0D","F:\GuardianFW_Backups\GuardianFW_20251230_164249\GuardianFW\engine\lolbin-watch.ps1"
"SHA256","2464B187EEBFAFF1C6C88CE247C9B8F0BF4D5571F0466222D01478610C1B8FA9","F:\GuardianFW_Backups\GuardianFW_20251230_164249\GuardianFW\engine\lolbin-watch.ps1.bak_add_debuglog_20251230_002825"
"SHA256","8B881BFED704AAADDED3A33DC2533CE0F387EDB71917D8AE6ECD981B90110BFC","F:\GuardianFW_Backups\GuardianFW_20251230_164249\GuardianFW\engine\lolbin-watch.ps1.bak_add_entrypoint_20251230_005213"
"SHA256","4DBCA261BB979E288473AA2D31F2B4B7D532AF0932188BD17CF29FDED10474C8","F:\GuardianFW_Backups\GuardianFW_20251230_164249\GuardianFW\engine\lolbin-watch.ps1.bak_add_fingerprint_and_safeaudit_20251229_232920"
"SHA256","8A9EEE807970D691F328CD755312168752DC8CD7BBD75951DA1204831E6C1336","F:\GuardianFW_Backups\GuardianFW_20251230_164249\GuardianFW\engine\lolbin-watch.ps1.bak_add_run_markers_20251230_002633"
"SHA256","0EAD8D8DC88BB792B7FBD258FA8FFEABFC82C5E3CF74820CBAA0E34AB00D3446","F:\GuardianFW_Backups\GuardianFW_20251230_164249\GuardianFW\engine\lolbin-watch.ps1.bak_add_tcp443_debugcount_20251229_234624"
"SHA256","696BD5894BFC4E0849FD6B472C7756782F2E35DBE3131750D8631EE7CB9C3C42","F:\GuardianFW_Backups\GuardianFW_20251230_164249\GuardianFW\engine\lolbin-watch.ps1.bak_add_tcp443_fingerprint_20251229_233728"
"SHA256","7778A24F5863C0008DAC15275887CF99E57ED0F56FB7C37FE581CF3ADDDF8B0D","F:\GuardianFW_Backups\GuardianFW_20251230_164249\GuardianFW\engine\lolbin-watch.ps1.bak_add_tcp443_func_20251230_012831"
"SHA256","684B984FA2FA6502B24C3884892CC44F4305458D43FEA3F7020939B762CD9328","F:\GuardianFW_Backups\GuardianFW_20251230_164249\GuardianFW\engine\lolbin-watch.ps1.bak_add_trap_end_20251230_004814"
"SHA256","31A32EE83EFA656F601A726B4A1EE5D5467CE2236E5DC36A5D4594F6E130B0EC","F:\GuardianFW_Backups\GuardianFW_20251230_164249\GuardianFW\engine\lolbin-watch.ps1.bak_allow_fix_20251230_002208"
"SHA256","9FB2687CCE081AEE4F5B89ACB1D04899598789894135968DFADCB7852A075B34","F:\GuardianFW_Backups\GuardianFW_20251230_164249\GuardianFW\engine\lolbin-watch.ps1.bak_audit_mutex_20251229_215309"
"SHA256","93E9B853993C37051F979EBF92D6AB12CE580625EB579D9E74B9941C6F37DF43","F:\GuardianFW_Backups\GuardianFW_20251230_164249\GuardianFW\engine\lolbin-watch.ps1.bak_call_tcp443_entry_20251230_012838"
"SHA256","696BD5894BFC4E0849FD6B472C7756782F2E35DBE3131750D8631EE7CB9C3C42","F:\GuardianFW_Backups\GuardianFW_20251230_164249\GuardianFW\engine\lolbin-watch.ps1.bak_clean_add_fingerprint_tcp443_20251229_234459"
"SHA256","F58DC6D3C7788BE5819F0567CE4BC391001042E0260B250E73690A6CC0B5A7E8","F:\GuardianFW_Backups\GuardianFW_20251230_164249\GuardianFW\engine\lolbin-watch.ps1.bak_dbg_safe_insert_20251230_003400"
"SHA256","F58DC6D3C7788BE5819F0567CE4BC391001042E0260B250E73690A6CC0B5A7E8","F:\GuardianFW_Backups\GuardianFW_20251230_164249\GuardianFW\engine\lolbin-watch.ps1.bak_dbg_shouldlog_20251230_003137"
"SHA256","2464B187EEBFAFF1C6C88CE247C9B8F0BF4D5571F0466222D01478610C1B8FA9","F:\GuardianFW_Backups\GuardianFW_20251230_164249\GuardianFW\engine\lolbin-watch.ps1.bak_debug_safe_20251230_003010"
"SHA256","99121C1D0BCACC38797B6B9FFA932C8E877534930AD16A88484EA94FBB2FA77C","F:\GuardianFW_Backups\GuardianFW_20251230_164249\GuardianFW\engine\lolbin-watch.ps1.bak_diag_fingerprint_20251230_001259"
"SHA256","122FA2543C463B7F920BD8A5AC8E2B6B87CC3E067985833DE8B4A72CC3539169","F:\GuardianFW_Backups\GuardianFW_20251230_164249\GuardianFW\engine\lolbin-watch.ps1.bak_drop4104_20251229_211944"
"SHA256","0749C63B2457B7C8E7447F1CE1CEFA15DD66D4BA4E6CFAEF551D373BF7DEE166","F:\GuardianFW_Backups\GuardianFW_20251230_164249\GuardianFW\engine\lolbin-watch.ps1.bak_entry_warmup_20251230_011444"
"SHA256","4B7D4BC0247C80EBA20304F106866E146F0625957860EB0FA59401D717650A62","F:\GuardianFW_Backups\GuardianFW_20251230_164249\GuardianFW\engine\lolbin-watch.ps1.bak_entry_warmup_SAFE_20251230_011629"
"SHA256","E32EA3BC4F9DDC742A0F0333C9628F00DE2FBDF9E2F7770FDC609B66797CA3F4","F:\GuardianFW_Backups\GuardianFW_20251230_164249\GuardianFW\engine\lolbin-watch.ps1.bak_failsecure_backoff_20251229_213034"
"SHA256","F58DC6D3C7788BE5819F0567CE4BC391001042E0260B250E73690A6CC0B5A7E8","F:\GuardianFW_Backups\GuardianFW_20251230_164249\GuardianFW\engine\lolbin-watch.ps1.bak_final_fix_20251230_004223"
"SHA256","D3A012959653C470D50AF31B9CA2D54386FCDF3901C9283775EF21D51A94B844","F:\GuardianFW_Backups\GuardianFW_20251230_164249\GuardianFW\engine\lolbin-watch.ps1.bak_FINAL_ShouldLogEvent_20251230_004100"
"SHA256","F24AAAD7B0F7F442C30BE9B80731A32029054D57024CEFCA4FCFCE37F42A870B","F:\GuardianFW_Backups\GuardianFW_20251230_164249\GuardianFW\engine\lolbin-watch.ps1.bak_fix_broken_f_20251230_010416"
"SHA256","6898C33DE0138B1404D390BD161E56EEEFDF2F47E0BD9D06D09E62BB2D588FBA","F:\GuardianFW_Backups\GuardianFW_20251230_164249\GuardianFW\engine\lolbin-watch.ps1.bak_fix_corrupt_error_and_probe_20251229_234303"
"SHA256","F1BEB0F0CE1E43F43140C873E134CF92A816FA6B38DA5348EC2E64388A07B1B8","F:\GuardianFW_Backups\GuardianFW_20251230_164249\GuardianFW\engine\lolbin-watch.ps1.bak_fix_fingerprint_abs_atomic_20251229_234930"
"SHA256","99121C1D0BCACC38797B6B9FFA932C8E877534930AD16A88484EA94FBB2FA77C","F:\GuardianFW_Backups\GuardianFW_20251230_164249\GuardianFW\engine\lolbin-watch.ps1.bak_fix_fingerprint_wrapped_write_20251229_235514"
"SHA256","7EE7F4906435B3453A03799424AA4880A18AF26D7B5EE28D3D35E781699F08B0","F:\GuardianFW_Backups\GuardianFW_20251230_164249\GuardianFW\engine\lolbin-watch.ps1.bak_fix_fingerprint_wrapped_write_20251229_235647"
"SHA256","60CA89B7934800A5DF8691B5BE44FC441911C410ED26A32737414801827C6251","F:\GuardianFW_Backups\GuardianFW_20251230_164249\GuardianFW\engine\lolbin-watch.ps1.bak_fix_heartbeat_rawappend_20251229_233532"
"SHA256","1B7BAA3506383B578374B715742BC6E90F69C4CF3B407C0DC3FB2CB50145DBDB","F:\GuardianFW_Backups\GuardianFW_20251230_164249\GuardianFW\engine\lolbin-watch.ps1.bak_fix_line438_20251230_010718"
"SHA256","44A77CF410671C0C05C53032BD4F75FB750227B6EF65277E7B0E7A910EB1A5D4","F:\GuardianFW_Backups\GuardianFW_20251230_164249\GuardianFW\engine\lolbin-watch.ps1.bak_fix_mutex_return_20251230_001845"
"SHA256","09C817C60A4003993009BE69D3E389E0AAD8953EF0BFDE977D5C20942DA825CF","F:\GuardianFW_Backups\GuardianFW_20251230_164249\GuardianFW\engine\lolbin-watch.ps1.bak_fix_pidvar_20251230_013427"
"SHA256","08A41467AE4B86548DAD1599E129C76770DAC7EA253CEB221864535672EFF1EF","F:\GuardianFW_Backups\GuardianFW_20251230_164249\GuardianFW\engine\lolbin-watch.ps1.bak_fix_shouldlogevent_mutex_timeout_20251229_235239"
"SHA256","08A41467AE4B86548DAD1599E129C76770DAC7EA253CEB221864535672EFF1EF","F:\GuardianFW_Backups\GuardianFW_20251230_164249\GuardianFW\engine\lolbin-watch.ps1.bak_fix_shouldlogevent_mutex_timeout_20251229_235329"
"SHA256","F1BEB0F0CE1E43F43140C873E134CF92A816FA6B38DA5348EC2E64388A07B1B8","F:\GuardianFW_Backups\GuardianFW_20251230_164249\GuardianFW\engine\lolbin-watch.ps1.bak_fix_tmp_string_20251229_234803"
"SHA256","58333518AB964A81FDB7B1FA3C54AD9CB5D8367C6A22CEE492C382B32534F9D6","F:\GuardianFW_Backups\GuardianFW_20251230_164249\GuardianFW\engine\lolbin-watch.ps1.bak_fix_warmup_pid_20251230_121138"
"SHA256","13E1F80DAA0FF76943FDCAE7BC7C90255797C8675A42E8F636A0269EF0D982BB","F:\GuardianFW_Backups\GuardianFW_20251230_164249\GuardianFW\engine\lolbin-watch.ps1.bak_force_fingerprint_heartbeat_20251229_233104"
"SHA256","5A3D7B07F89B98EA3D277276A28110426B35463DA1A382BEBD80F5500181D15F","F:\GuardianFW_Backups\GuardianFW_20251230_164249\GuardianFW\engine\lolbin-watch.ps1.bak_force_fpcreate_20251230_011244"
"SHA256","13E1F80DAA0FF76943FDCAE7BC7C90255797C8675A42E8F636A0269EF0D982BB","F:\GuardianFW_Backups\GuardianFW_20251230_164249\GuardianFW\engine\lolbin-watch.ps1.bak_heartbeat_safeinsert_20251229_233359"
"SHA256","FB8766CFA267E69BD02AD2F504360F6F5B786B3EB5B6D50CADC9AFE0948AE619","F:\GuardianFW_Backups\GuardianFW_20251230_164249\GuardianFW\engine\lolbin-watch.ps1.bak_ignore4104_source_20251229_212941"
"SHA256","1B1C544BBE31F0D807A1503B7B59E2CA4400D68ADEEA4637D130282E8947EFFC","F:\GuardianFW_Backups\GuardianFW_20251230_164249\GuardianFW\engine\lolbin-watch.ps1.bak_ignore4104_source_20251229_213014"
"SHA256","B52E59801A95F82ECA5C7E47F85033DDC52CB9B65B5A37DA1FBE3A877D7683C7","F:\GuardianFW_Backups\GuardianFW_20251230_164249\GuardianFW\engine\lolbin-watch.ps1.bak_insert_tcp443_block_20251229_233958"
"SHA256","3BBB1A1C52F0B3581DD39BD875C674C321E32513FCA75E56C4600B09398A7CAF","F:\GuardianFW_Backups\GuardianFW_20251230_164249\GuardianFW\engine\lolbin-watch.ps1.bak_mark_tcp443_20251230_012014"
"SHA256","5FEF878D6267C1686BCDF236D447F4883F30FFB09B9B3F91949239BD69242D2C","F:\GuardianFW_Backups\GuardianFW_20251230_164249\GuardianFW\engine\lolbin-watch.ps1.bak_patch_fpdebug_20251230_004629"
"SHA256","4B7D4BC0247C80EBA20304F106866E146F0625957860EB0FA59401D717650A62","F:\GuardianFW_Backups\GuardianFW_20251230_164249\GuardianFW\engine\lolbin-watch.ps1.bak_pre_fix_20251230_010946"
"SHA256","24AB40DD2F7EA8B07B6CEEE796A71E1AF6B68EA78F0B90A15870C905431A88C1","F:\GuardianFW_Backups\GuardianFW_20251230_164249\GuardianFW\engine\lolbin-watch.ps1.bak_replace_ShouldLogEvent_20251230_002456"
"SHA256","33DC3C6090F73B785E844399DA19150B6F337A5B52627F4874C8FCE49A1415C3","F:\GuardianFW_Backups\GuardianFW_20251230_164249\GuardianFW\engine\lolbin-watch.ps1.bak_self_exec_awareness_20251229_212155"
"SHA256","95374AF90DFD1D56BDC6D4D1140514E4D8F7C81C0D6D08CD914AEECCFCDF2EAF","F:\GuardianFW_Backups\GuardianFW_20251230_164249\GuardianFW\engine\lolbin-watch.ps1.bak_tcp443_steptrace_20251230_121508"
"SHA256","DB5FBE3ED1C81A6B8BC3310553CEF97B4AA446D7C56AB40C076FA83E8723AB57","F:\GuardianFW_Backups\GuardianFW_20251230_164249\GuardianFW\engine\lolbin-watch.ps1.bak_trace_exit_20251230_012321"
"SHA256","4B7D4BC0247C80EBA20304F106866E146F0625957860EB0FA59401D717650A62","F:\GuardianFW_Backups\GuardianFW_20251230_164249\GuardianFW\engine\lolbin-watch.ps1.bak_warmup_safe_20251230_005610"
"SHA256","F24AAAD7B0F7F442C30BE9B80731A32029054D57024CEFCA4FCFCE37F42A870B","F:\GuardianFW_Backups\GuardianFW_20251230_164249\GuardianFW\engine\lolbin-watch.ps1.bak_warmup_safe_20251230_010101"
"SHA256","4B7D4BC0247C80EBA20304F106866E146F0625957860EB0FA59401D717650A62","F:\GuardianFW_Backups\GuardianFW_20251230_164249\GuardianFW\engine\lolbin-watch.ps1.bak_warmup_shouldlog_20251230_005417"
"SHA256","95934942EC71B89143CDBB1E59350BD75F2716737F25E82A1EA0C7C188DECA6D","F:\GuardianFW_Backups\GuardianFW_20251230_164249\GuardianFW\engine\lolbin-watch.ps1.bak_wrap_tcp443_20251230_001416"
"SHA256","95934942EC71B89143CDBB1E59350BD75F2716737F25E82A1EA0C7C188DECA6D","F:\GuardianFW_Backups\GuardianFW_20251230_164249\GuardianFW\engine\lolbin-watch.ps1.bak_wrap_tcp443_real_20251230_001628"
"SHA256","B51A54C50A735A848E089A30A04C4BCFD07796A423D6BC83B4563B794B17678B","F:\GuardianFW_Backups\GuardianFW_20251230_164249\GuardianFW\engine\phase1-bootstrap.ps1"
"SHA256","5C4C7D20B51C97C836D8680F6A10B015CAD296CF905272F3E6E1D947801559F7","F:\GuardianFW_Backups\GuardianFW_20251230_164249\GuardianFW\engine\policy-validate-dns.ps1"
"SHA256","935F82738A9CCEF20E27550F9FD236E24177C79DF4FAB344AA3AC9856324E572","F:\GuardianFW_Backups\GuardianFW_20251230_164249\GuardianFW\engine\process-dns-enforce.ps1"
"SHA256","2CB4DC48EED456ECB29C395CE79329560E5D64CEE872B3D3371BBBD8835E174F","F:\GuardianFW_Backups\GuardianFW_20251230_164249\GuardianFW\engine\process-dns-enforce.ps1.bak_absroot_dedupe_20251229_223445"
"SHA256","8422F33526FF9955E58E1A6BEC06D9108C783CA2925F5625F5E7A8A45EE07336","F:\GuardianFW_Backups\GuardianFW_20251230_164249\GuardianFW\engine\process-dns-enforce.ps1.bak_add_heartbeat_20251229_232034"
"SHA256","E3E37CD39A8100C4162649447B3DF07BC107D1E1D832467947402D8C2A3A0871","F:\GuardianFW_Backups\GuardianFW_20251230_164249\GuardianFW\engine\process-dns-enforce.ps1.bak_audit_mutex_20251229_215259"
"SHA256","BE71D74E33AD9A548577F68A1755B4FD4CD51CF190E9A9DE9F3FD81698E5CDA8","F:\GuardianFW_Backups\GuardianFW_20251230_164249\GuardianFW\engine\process-dns-enforce.ps1.bak_audit_ratelimit_20251229_191649"
"SHA256","14C5D362BECB55CD6C4600404EE18D475EBAD39E7758BC62668F7B92F5065EA6","F:\GuardianFW_Backups\GuardianFW_20251230_164249\GuardianFW\engine\process-dns-enforce.ps1.bak_audit_ratelimit_v2_20251229_192111"
"SHA256","8D362853673FE59CE1B00A72C58E0912D5D39F08165AB48EA7D9769BDF5249D9","F:\GuardianFW_Backups\GuardianFW_20251230_164249\GuardianFW\engine\process-dns-enforce.ps1.bak_audit_rotate_20251229_215130"
"SHA256","E01E5008028742D74E0053508BA332028F7133E75ABC5471F8E42CF535818148","F:\GuardianFW_Backups\GuardianFW_20251230_164249\GuardianFW\engine\process-dns-enforce.ps1.bak_broken_20251229_214420"
"SHA256","26915E3191930319EA262470AF935FADB8D9E915AA914F345B3D93E6F85D7E16","F:\GuardianFW_Backups\GuardianFW_20251230_164249\GuardianFW\engine\process-dns-enforce.ps1.bak_canonical_telemetry_top_20251229_224805"
"SHA256","6C4205BC4F69546ACD5C95EC8082268EDAD8C28AC4A2B1274B1DD5EAFE184D23","F:\GuardianFW_Backups\GuardianFW_20251230_164249\GuardianFW\engine\process-dns-enforce.ps1.bak_dnsclientcache_feed_20251230_130651"
"SHA256","F0114514115EDB9E1337DE296BA2CEAE81C29E74D56F2825344982EE14A2F34A","F:\GuardianFW_Backups\GuardianFW_20251230_164249\GuardianFW\engine\process-dns-enforce.ps1.bak_dnsspool_20251230_124938"
"SHA256","273279B6F1726BFE7E9562B621EA91EB29AB7DE31504440017EEF04031D955C9","F:\GuardianFW_Backups\GuardianFW_20251230_164249\GuardianFW\engine\process-dns-enforce.ps1.bak_doh443_states_20251229_154319"
"SHA256","2295BC322A8261979A8F2541DCA092B6189388F0E8770D87C0D95691A8D9032E","F:\GuardianFW_Backups\GuardianFW_20251230_164249\GuardianFW\engine\process-dns-enforce.ps1.bak_doh443_states_verifyfix_20251229_154438"
"SHA256","6711A6C3ECA230FA6969A6D490B7F53A2777E5E8A7F839A305538D801E27C497","F:\GuardianFW_Backups\GuardianFW_20251230_164249\GuardianFW\engine\process-dns-enforce.ps1.bak_drop4104_blobscan_20251229_210041"
"SHA256","4969A4DC83BB2A5F56AEB7DED162D3259F97BE76BD0222B210A4A0D4DCB61983","F:\GuardianFW_Backups\GuardianFW_20251230_164249\GuardianFW\engine\process-dns-enforce.ps1.bak_fix_dedupe_gate_20251229_222451"
"SHA256","73D8550501EBB1E2C95AD835C345F3FAAE62B4BDA8FAD5BFEB4DD779A2935E6F","F:\GuardianFW_Backups\GuardianFW_20251230_164249\GuardianFW\engine\process-dns-enforce.ps1.bak_fix_drop4104_robust_20251229_204807"
"SHA256","D37B329DF4CBEA5E3F19F0454449FD03F89849ECE61E77E0156C22ABDC0C8930","F:\GuardianFW_Backups\GuardianFW_20251230_164249\GuardianFW\engine\process-dns-enforce.ps1.bak_fix_simplegate_return_and_dolog_20251229_231908"
"SHA256","C6FF32CE3E6D7B19E14DBB584DF08812CC695F0FD1F189660207DB18B031FEF8","F:\GuardianFW_Backups\GuardianFW_20251230_164249\GuardianFW\engine\process-dns-enforce.ps1.bak_fix_simplegate_return_regex_20251229_231507"
"SHA256","6F1FA3C54D859855C9D7A34FE868E5287B1F890A6ED44B89DA5F86CAF9CD7D50","F:\GuardianFW_Backups\GuardianFW_20251230_164249\GuardianFW\engine\process-dns-enforce.ps1.bak_fix_tcp443_continue_wrap_20251229_230946"
"SHA256","C6FF32CE3E6D7B19E14DBB584DF08812CC695F0FD1F189660207DB18B031FEF8","F:\GuardianFW_Backups\GuardianFW_20251230_164249\GuardianFW\engine\process-dns-enforce.ps1.bak_fix_tcp443_return_to_continue_20251229_231251"
"SHA256","505B9CA6F5414CF67BC19D9DA77273D1AD6C9EA9646FF95BE4173AFF13039DD8","F:\GuardianFW_Backups\GuardianFW_20251230_164249\GuardianFW\engine\process-dns-enforce.ps1.bak_fix_telemetry_root_20251229_224440"
"SHA256","6A6727DB481597D7020EBD1AD375F5BE05C033753A8169F7CC53D05DFF26B799","F:\GuardianFW_Backups\GuardianFW_20251230_164249\GuardianFW\engine\process-dns-enforce.ps1.bak_fix_ttl_gate_vars_20251229_225404"
"SHA256","24EB7CC3002EA76D38E26648F3B1C180AC972C314A7CADCDA6F8D62BBBF9C4A4","F:\GuardianFW_Backups\GuardianFW_20251230_164249\GuardianFW\engine\process-dns-enforce.ps1.bak_fix_writeaudit_filelock_20251229_231646"
"SHA256","BBFA7CFD432C9AFF9F5B10D650DB51A56E478CC43F5FE1FBC540C7E09DD4D5A7","F:\GuardianFW_Backups\GuardianFW_20251230_164249\GuardianFW\engine\process-dns-enforce.ps1.bak_gate_at_function_20251229_222817"
"SHA256","814EEAD77A6D44F20CFB0E9B87410BEC51354E916D38923D4E17B96EF19FE20C","F:\GuardianFW_Backups\GuardianFW_20251230_164249\GuardianFW\engine\process-dns-enforce.ps1.bak_gate_at_write_20251229_222633"
"SHA256","94EECDC1B811B4FCE27DAE76F38F1432CDB23D8005FAE25F716908437129F806","F:\GuardianFW_Backups\GuardianFW_20251230_164249\GuardianFW\engine\process-dns-enforce.ps1.bak_gate_psbound_20251229_223224"
"SHA256","D55501CF2FC9B9689DE0CDBE5A354407B256A587AB8BA28EF00771638815D8E8","F:\GuardianFW_Backups\GuardianFW_20251230_164249\GuardianFW\engine\process-dns-enforce.ps1.bak_global_dedupe_20251229_222003"
"SHA256","5D1EF0568ED05CDFF244BE2E44A04AC9AC1DEFB396752DB2206766FEE3081EAB","F:\GuardianFW_Backups\GuardianFW_20251230_164249\GuardianFW\engine\process-dns-enforce.ps1.bak_lolbin_drop4104_20251229_200952"
"SHA256","BE71D74E33AD9A548577F68A1755B4FD4CD51CF190E9A9DE9F3FD81698E5CDA8","F:\GuardianFW_Backups\GuardianFW_20251230_164249\GuardianFW\engine\process-dns-enforce.ps1.bak_lolbin_trim_20251229_192619"
"SHA256","16871301D50E9414D8F853832BBFD8FFAE32A7521227B2F6AEC63C22864407C4","F:\GuardianFW_Backups\GuardianFW_20251230_164249\GuardianFW\engine\process-dns-enforce.ps1.bak_move_telemetry_helper_top_20251229_224618"
"SHA256","F1FD5828BB5475B225D67C94ED0386E8D141BD7C4223AD21DA287AE5AF2B2668","F:\GuardianFW_Backups\GuardianFW_20251230_164249\GuardianFW\engine\process-dns-enforce.ps1.bak_mutexdisposefix_20251230_125750"
"SHA256","978188DAC99AC7E86C7AB6DF7C720A560FA2176AEC57AE408FFBAE231CA6F7F4","F:\GuardianFW_Backups\GuardianFW_20251230_164249\GuardianFW\engine\process-dns-enforce.ps1.bak_mutexreleasefix_20251230_125632"
"SHA256","71AEDBE088F3EBB11E329D0ECFC9DDBCF26277CAF1C2B35203276CFA56F77843","F:\GuardianFW_Backups\GuardianFW_20251230_164249\GuardianFW\engine\process-dns-enforce.ps1.bak_mutex_20251229_190936"
"SHA256","71AD7038075D504639403763386E073167662C78BA5896F8EA81375856E36618","F:\GuardianFW_Backups\GuardianFW_20251230_164249\GuardianFW\engine\process-dns-enforce.ps1.bak_mutex_global_fallback_20251230_130117"
"SHA256","8D362853673FE59CE1B00A72C58E0912D5D39F08165AB48EA7D9769BDF5249D9","F:\GuardianFW_Backups\GuardianFW_20251230_164249\GuardianFW\engine\process-dns-enforce.ps1.bak_patch_writeaudit_20251229_200240"
"SHA256","1CBA55D6C9AD602CB499CAC092AFD1B8558982CDB1E3DBEF7C6F676CEF743BF5","F:\GuardianFW_Backups\GuardianFW_20251230_164249\GuardianFW\engine\process-dns-enforce.ps1.bak_phase51_enter_20251230_130450"
"SHA256","61BFCAC68AFD8B512E696CCC267BC2D4454940F1F1EB90B50F7881FA2CD53739","F:\GuardianFW_Backups\GuardianFW_20251230_164249\GuardianFW\engine\process-dns-enforce.ps1.bak_phase51_hook_v2_20251230_130853"
"SHA256","25830FEBBABD3AA054D278FACEDAD543CB4B2CB8F4FC6358B5209C7E62CB1BBB","F:\GuardianFW_Backups\GuardianFW_20251230_164249\GuardianFW\engine\process-dns-enforce.ps1.bak_rewrite_clean_20251229_154655"
"SHA256","D13718554D8B84B959924ADC931BA0F3CFCDBB6180843C4382370A3D4146D187","F:\GuardianFW_Backups\GuardianFW_20251230_164249\GuardianFW\engine\process-dns-enforce.ps1.bak_runtime_dedupe_20251229_223330"
"SHA256","C4F8EED28C8F5B8A5F1E78B680F4FF898BEF180C3CBC7CBA078DC294D076F709","F:\GuardianFW_Backups\GuardianFW_20251230_164249\GuardianFW\engine\process-dns-enforce.ps1.bak_self_whitelist_20251229_201954"
"SHA256","E6FD81923688E43B5C0159EC97D633B614D09A57D280AFD91C9D84E20B844044","F:\GuardianFW_Backups\GuardianFW_20251230_164249\GuardianFW\engine\process-dns-enforce.ps1.bak_self_whitelist_20251229_202541"
"SHA256","E6FD81923688E43B5C0159EC97D633B614D09A57D280AFD91C9D84E20B844044","F:\GuardianFW_Backups\GuardianFW_20251230_164249\GuardianFW\engine\process-dns-enforce.ps1.bak_self_whitelist_20251229_202836"
"SHA256","73D8550501EBB1E2C95AD835C345F3FAAE62B4BDA8FAD5BFEB4DD779A2935E6F","F:\GuardianFW_Backups\GuardianFW_20251230_164249\GuardianFW\engine\process-dns-enforce.ps1.bak_self_whitelist_20251229_203900"
"SHA256","73D8550501EBB1E2C95AD835C345F3FAAE62B4BDA8FAD5BFEB4DD779A2935E6F","F:\GuardianFW_Backups\GuardianFW_20251230_164249\GuardianFW\engine\process-dns-enforce.ps1.bak_self_whitelist_20251229_204027"
"SHA256","50268CA29CEB113ED3ADE2972D530B32CA45F519315E6612FFE8A63256C88C6B","F:\GuardianFW_Backups\GuardianFW_20251230_164249\GuardianFW\engine\process-dns-enforce.ps1.bak_tcp443lastseenfix_20251230_130023"
"SHA256","973FB26AC1333952EA196E1CBD2FD41FFE323DF262A6159D255D0E217EA03167","F:\GuardianFW_Backups\GuardianFW_20251230_164249\GuardianFW\engine\process-dns-enforce.ps1.bak_tcp443_callsite_throttle_20251229_230246"
"SHA256","58ABED5E37DD394B36BE0176D57ECB3F8621C87743B9B8199E370F0154E88D81","F:\GuardianFW_Backups\GuardianFW_20251230_164249\GuardianFW\engine\process-dns-enforce.ps1.bak_tcp443_filettl_gate_20251229_225742"
"SHA256","9049672D7D5AB2DE27CCF70EC35F2465855920FED7A1A7CA515798F3B86BCF7F","F:\GuardianFW_Backups\GuardianFW_20251230_164249\GuardianFW\engine\process-dns-enforce.ps1.bak_tcp443_file_dedupe_20251229_223934"
"SHA256","DAF3A1F2FF4B56B6D4EA2D4A16A5F8EC1F1039E5249C854E6547CA9F1C7A2ED5","F:\GuardianFW_Backups\GuardianFW_20251230_164249\GuardianFW\engine\process-dns-enforce.ps1.bak_tcp443_global_file_throttle_20251229_224106"
"SHA256","D537AAA08502FF4A2114701C38090D4AA6564FC7CF415EEB099D09460F2939F4","F:\GuardianFW_Backups\GuardianFW_20251230_164249\GuardianFW\engine\process-dns-enforce.ps1.bak_tcp443_min_throttle_20251229_224315"
"SHA256","9D5E9EBD9156A5CC85D677ABBFAACE6DF1A148DBD98A0824E8387363DC76ABCA","F:\GuardianFW_Backups\GuardianFW_20251230_164249\GuardianFW\engine\process-dns-enforce.ps1.bak_tcp443_seen_20251229_153612"
"SHA256","0727D920CCE0710B3BFFA46C82790959D5673FE295D35DEF644D594CCE10AE3E","F:\GuardianFW_Backups\GuardianFW_20251230_164249\GuardianFW\engine\process-dns-enforce.ps1.bak_tcp443_seen_20251229_153704"
